work_key,author,title,group,code
1|aischylos|oresteia,AISCHYLOS,Oresteia,narodni,
1|aischylos|oresteia,AISCHYLOS,Oresteia,forma,
1|aischylos|oresteia,AISCHYLOS,Oresteia,podobdobi,
1|alighieri-dante|peklo,"ALIGHIERI, Dante",Peklo,narodni,
1|alighieri-dante|peklo,"ALIGHIERI, Dante",Peklo,forma,
1|alighieri-dante|peklo,"ALIGHIERI, Dante",Peklo,podobdobi,
1|apuleius|promeny-aneb-zlaty-osel,APULEIUS,"Proměny aneb Zlatý osel",narodni,
1|apuleius|promeny-aneb-zlaty-osel,APULEIUS,"Proměny aneb Zlatý osel",forma,
1|apuleius|promeny-aneb-zlaty-osel,APULEIUS,"Proměny aneb Zlatý osel",podobdobi,
1|anon|beowulf,,Beowulf,narodni,
1|anon|beowulf,,Beowulf,podobdobi,
1|boccaccio-giovanni|dekameron,"BOCCACCIO, Giovanni",Dekameron,narodni,
1|boccaccio-giovanni|dekameron,"BOCCACCIO, Giovanni",Dekameron,podobdobi,
1|bridel-bedrich|co-buh-clovek,"BRIDEL, Bedřich","Co Bůh? Člověk?",narodni,
1|bridel-bedrich|co-buh-clovek,"BRIDEL, Bedřich","Co Bůh? Člověk?",forma,
1|bridel-bedrich|co-buh-clovek,"BRIDEL, Bedřich","Co Bůh? Člověk?",podobdobi,
1|calderon-de-la-barca-pedro|zivot-je-sen,"CALDERÓN DE LA BARCA, Pedro","Život je sen",narodni,
1|calderon-de-la-barca-pedro|zivot-je-sen,"CALDERÓN DE LA BARCA, Pedro","Život je sen",forma,
1|calderon-de-la-barca-pedro|zivot-je-sen,"CALDERÓN DE LA BARCA, Pedro","Život je sen",podobdobi,
1|cervantes-miguel-de|dumyslny-rytir-don-quijote-de-la-mancha,"CERVANTES, Miguel de","Důmyslný rytíř Don Quijote de la Mancha",narodni,
1|cervantes-miguel-de|dumyslny-rytir-don-quijote-de-la-mancha,"CERVANTES, Miguel de","Důmyslný rytíř Don Quijote de la Mancha",forma,
1|cervantes-miguel-de|dumyslny-rytir-don-quijote-de-la-mancha,"CERVANTES, Miguel de","Důmyslný rytíř Don Quijote de la Mancha",podobdobi,
1|anon|ceska-stredoveka-lyrika,,"Česká středověká lyrika",narodni,
1|anon|ceska-stredoveka-lyrika,,"Česká středověká lyrika",forma,
1|anon|ceska-stredoveka-lyrika,,"Česká středověká lyrika",podobdobi,
1|defoe-daniel|robinson-crusoe,"DEFOE, Daniel","Robinson Crusoe",narodni,
1|defoe-daniel|robinson-crusoe,"DEFOE, Daniel","Robinson Crusoe",forma,
1|defoe-daniel|robinson-crusoe,"DEFOE, Daniel","Robinson Crusoe",podobdobi,
1|diderot-denis|jakub-fatalista,"DIDEROT, Denis","Jakub fatalista",narodni,
1|diderot-denis|jakub-fatalista,"DIDEROT, Denis","Jakub fatalista",forma,
1|diderot-denis|jakub-fatalista,"DIDEROT, Denis","Jakub fatalista",podobdobi,
1|diderot-denis|jeptiska,"DIDEROT, Denis",Jeptiška,narodni,
1|diderot-denis|jeptiska,"DIDEROT, Denis",Jeptiška,forma,
1|diderot-denis|jeptiska,"DIDEROT, Denis",Jeptiška,podobdobi,
1|anon|edda,,Edda,narodni,
1|anon|edda,,Edda,podobdobi,
1|anon|epos-o-gilgamesovi,,"Epos o Gilgamešovi",narodni,
1|anon|epos-o-gilgamesovi,,"Epos o Gilgamešovi",podobdobi,
1|euripides|medeia,EURÍPIDÉS,Médeia,narodni,
1|euripides|medeia,EURÍPIDÉS,Médeia,forma,
1|euripides|medeia,EURÍPIDÉS,Médeia,podobdobi,
1|goldoni-carlo|poprask-na-lagune,"GOLDONI, Carlo","Poprask na laguně",narodni,
1|goldoni-carlo|poprask-na-lagune,"GOLDONI, Carlo","Poprask na laguně",forma,
1|goldoni-carlo|poprask-na-lagune,"GOLDONI, Carlo","Poprask na laguně",podobdobi,
1|grimmelshausen-hans-jakob-christoffel|dobrodruzny-simplicius-simplicissimus,"GRIMMELSHAUSEN, Hans Jakob Christoffel","Dobrodružný Simplicius Simplicissimus",narodni,
1|grimmelshausen-hans-jakob-christoffel|dobrodruzny-simplicius-simplicissimus,"GRIMMELSHAUSEN, Hans Jakob Christoffel","Dobrodružný Simplicius Simplicissimus",forma,
1|grimmelshausen-hans-jakob-christoffel|dobrodruzny-simplicius-simplicissimus,"GRIMMELSHAUSEN, Hans Jakob Christoffel","Dobrodružný Simplicius Simplicissimus",podobdobi,
1|homer|odysseia,HOMÉR,Odysseia,narodni,
1|homer|odysseia,HOMÉR,Odysseia,forma,
1|homer|odysseia,HOMÉR,Odysseia,podobdobi,
1|homer|ilias,HOMÉR,Ílias,narodni,
1|homer|ilias,HOMÉR,Ílias,podobdobi,
1|chaucer-geoffrey|canterburske-povidky,"CHAUCER, Geoffrey","Canterburské povídky",narodni,
1|chaucer-geoffrey|canterburske-povidky,"CHAUCER, Geoffrey","Canterburské povídky",podobdobi,
1|anon|kez-hori-popel-muj,,"Kéž hoří popel můj",narodni,
1|anon|kez-hori-popel-muj,,"Kéž hoří popel můj",forma,
1|anon|kez-hori-popel-muj,,"Kéž hoří popel můj",podobdobi,
1|komensky-jan-amos|labyrint-sveta-a-raj-srdce,"KOMENSKÝ, Jan Amos","Labyrint světa a ráj srdce",narodni,
1|komensky-jan-amos|labyrint-sveta-a-raj-srdce,"KOMENSKÝ, Jan Amos","Labyrint světa a ráj srdce",forma,
1|komensky-jan-amos|labyrint-sveta-a-raj-srdce,"KOMENSKÝ, Jan Amos","Labyrint světa a ráj srdce",podobdobi,
1|kosmas|kronika-ceska,KOSMAS,"Kronika česká",narodni,
1|kosmas|kronika-ceska,KOSMAS,"Kronika česká",forma,
1|kosmas|kronika-ceska,KOSMAS,"Kronika česká",podobdobi,
1|anon|kristianova-legenda,,"Kristiánova legenda",narodni,
1|anon|kristianova-legenda,,"Kristiánova legenda",forma,
1|anon|kristianova-legenda,,"Kristiánova legenda",podobdobi,
1|laclos-choderlos-de|nebezpecne-znamosti,"LACLOS, Choderlos de","Nebezpečné známosti",narodni,
1|laclos-choderlos-de|nebezpecne-znamosti,"LACLOS, Choderlos de","Nebezpečné známosti",forma,
1|laclos-choderlos-de|nebezpecne-znamosti,"LACLOS, Choderlos de","Nebezpečné známosti",podobdobi,
1|anon|legenda-o-svate-katerine,,"Legenda o svaté Kateřině",narodni,
1|anon|legenda-o-svate-katerine,,"Legenda o svaté Kateřině",podobdobi,
1|malory-thomas|artusova-smrt,"MALORY, Thomas","Artušova smrt",narodni,
1|malory-thomas|artusova-smrt,"MALORY, Thomas","Artušova smrt",forma,
1|malory-thomas|artusova-smrt,"MALORY, Thomas","Artušova smrt",podobdobi,
1|anon|maly-svet-jest-clovek,,"Malý svět jest člověk?",narodni,
1|anon|maly-svet-jest-clovek,,"Malý svět jest člověk?",forma,
1|anon|maly-svet-jest-clovek,,"Malý svět jest člověk?",podobdobi,
1|marlowe-christopher|doctor-faustus,"MARLOWE, Christopher","Doctor Faustus",narodni,
1|marlowe-christopher|doctor-faustus,"MARLOWE, Christopher","Doctor Faustus",forma,
1|marlowe-christopher|doctor-faustus,"MARLOWE, Christopher","Doctor Faustus",podobdobi,
1|moliere|misantrop,MOLIÈRE,Misantrop,narodni,
1|moliere|misantrop,MOLIÈRE,Misantrop,forma,
1|moliere|misantrop,MOLIÈRE,Misantrop,podobdobi,
1|montaigne-michel-de|eseje,"MONTAIGNE, Michel de",Eseje,narodni,
1|montaigne-michel-de|eseje,"MONTAIGNE, Michel de",Eseje,forma,
1|montaigne-michel-de|eseje,"MONTAIGNE, Michel de",Eseje,podobdobi,
1|more-thomas|utopia,"MORE, Thomas",Utopia,narodni,
1|more-thomas|utopia,"MORE, Thomas",Utopia,forma,
1|more-thomas|utopia,"MORE, Thomas",Utopia,podobdobi,
1|anon|navstiveni-krasy-italska-renesancni-lyrika,,"Navštívení krásy. Italská renesanční lyrika",narodni,
1|anon|navstiveni-krasy-italska-renesancni-lyrika,,"Navštívení krásy. Italská renesanční lyrika",forma,
1|anon|navstiveni-krasy-italska-renesancni-lyrika,,"Navštívení krásy. Italská renesanční lyrika",podobdobi,
1|anon|novy-zakon,,"Nový zákon",narodni,
1|anon|novy-zakon,,"Nový zákon",forma,
1|anon|novy-zakon,,"Nový zákon",podobdobi,
1|ovidius-naso-publius|promeny,"OVIDIUS NASO, Publius",Proměny,narodni,
1|ovidius-naso-publius|promeny,"OVIDIUS NASO, Publius",Proměny,forma,
1|ovidius-naso-publius|promeny,"OVIDIUS NASO, Publius",Proměny,podobdobi,
1|petronius|satyrikon,PETRONIUS,Satyrikon,narodni,
1|petronius|satyrikon,PETRONIUS,Satyrikon,forma,
1|petronius|satyrikon,PETRONIUS,Satyrikon,podobdobi,
1|anon|pisen-o-cidovi,,"Píseň o Cidovi",narodni,
1|anon|pisen-o-cidovi,,"Píseň o Cidovi",forma,
1|anon|pisen-o-cidovi,,"Píseň o Cidovi",podobdobi,
1|anon|pisen-o-nibelunzich,,"Píseň o Nibelunzích",narodni,
1|anon|pisen-o-nibelunzich,,"Píseň o Nibelunzích",forma,
1|anon|pisen-o-nibelunzich,,"Píseň o Nibelunzích",podobdobi,
1|anon|pisen-o-rolandovi,,"Píseň o Rolandovi",narodni,
1|anon|pisen-o-rolandovi,,"Píseň o Rolandovi",forma,
1|anon|pisen-o-rolandovi,,"Píseň o Rolandovi",podobdobi,
1|polo-marco|milion,"POLO, Marco",Milion,narodni,
1|polo-marco|milion,"POLO, Marco",Milion,forma,
1|polo-marco|milion,"POLO, Marco",Milion,podobdobi,
1|anon|putovani-za-svatym-gralem,,"Putování za svatým grálem",narodni,
1|anon|putovani-za-svatym-gralem,,"Putování za svatým grálem",forma,
1|anon|putovani-za-svatym-gralem,,"Putování za svatým grálem",podobdobi,
1|rabelais-francois|zivot-gargantuuv-a-zivot-pantagrueluv,"RABELAIS, Francois","Život Gargantuův a život Pantagruelův",narodni,
1|rabelais-francois|zivot-gargantuuv-a-zivot-pantagrueluv,"RABELAIS, Francois","Život Gargantuův a život Pantagruelův",forma,
1|rabelais-francois|zivot-gargantuuv-a-zivot-pantagrueluv,"RABELAIS, Francois","Život Gargantuův a život Pantagruelův",podobdobi,
1|shakespeare-william|hamlet,"SHAKESPEARE, William",Hamlet,narodni,
1|shakespeare-william|hamlet,"SHAKESPEARE, William",Hamlet,forma,
1|shakespeare-william|hamlet,"SHAKESPEARE, William",Hamlet,podobdobi,
1|shakespeare-william|kral-lear,"SHAKESPEARE, William","Král Lear",narodni,
1|shakespeare-william|kral-lear,"SHAKESPEARE, William","Král Lear",forma,
1|shakespeare-william|kral-lear,"SHAKESPEARE, William","Král Lear",podobdobi,
1|shakespeare-william|macbeth,"SHAKESPEARE, William",Macbeth,narodni,
1|shakespeare-william|macbeth,"SHAKESPEARE, William",Macbeth,forma,
1|shakespeare-william|macbeth,"SHAKESPEARE, William",Macbeth,podobdobi,
1|shakespeare-william|romeo-a-julie,"SHAKESPEARE, William","Romeo a Julie",narodni,
1|shakespeare-william|romeo-a-julie,"SHAKESPEARE, William","Romeo a Julie",forma,
1|shakespeare-william|romeo-a-julie,"SHAKESPEARE, William","Romeo a Julie",podobdobi,
1|shakespeare-william|othello,"SHAKESPEARE, William",Othello,narodni,
1|shakespeare-william|othello,"SHAKESPEARE, William",Othello,forma,
1|shakespeare-william|othello,"SHAKESPEARE, William",Othello,podobdobi,
1|shakespeare-william|kupec-benatsky,"SHAKESPEARE, William","Kupec benátský",narodni,
1|shakespeare-william|kupec-benatsky,"SHAKESPEARE, William","Kupec benátský",forma,
1|shakespeare-william|kupec-benatsky,"SHAKESPEARE, William","Kupec benátský",podobdobi,
1|shakespeare-william|sen-noci-svatojanske,"SHAKESPEARE, William","Sen noci svatojánské",narodni,
1|shakespeare-william|sen-noci-svatojanske,"SHAKESPEARE, William","Sen noci svatojánské",forma,
1|shakespeare-william|sen-noci-svatojanske,"SHAKESPEARE, William","Sen noci svatojánské",podobdobi,
1|shakespeare-william|zkroceni-zle-zeny,"SHAKESPEARE, William","Zkrocení zlé ženy",narodni,
1|shakespeare-william|zkroceni-zle-zeny,"SHAKESPEARE, William","Zkrocení zlé ženy",forma,
1|shakespeare-william|zkroceni-zle-zeny,"SHAKESPEARE, William","Zkrocení zlé ženy",podobdobi,
1|shakespeare-william|boure,"SHAKESPEARE, William",Bouře,narodni,
1|shakespeare-william|boure,"SHAKESPEARE, William",Bouře,forma,
1|shakespeare-william|boure,"SHAKESPEARE, William",Bouře,podobdobi,
1|shakespeare-william|sonety,"SHAKESPEARE, William",Sonety,narodni,
1|shakespeare-william|sonety,"SHAKESPEARE, William",Sonety,forma,
1|shakespeare-william|sonety,"SHAKESPEARE, William",Sonety,podobdobi,
1|anon|sir-gawain-a-zeleny-rytir,,"Sir Gawain a Zelený rytíř",narodni,
1|anon|sir-gawain-a-zeleny-rytir,,"Sir Gawain a Zelený rytíř",forma,
1|anon|sir-gawain-a-zeleny-rytir,,"Sir Gawain a Zelený rytíř",podobdobi,
1|anon|smich-stare-francie-soubor-stredovekych-fabliaux,,"Smích staré Francie. Soubor středověkých fabliaux",narodni,
1|anon|smich-stare-francie-soubor-stredovekych-fabliaux,,"Smích staré Francie. Soubor středověkých fabliaux",forma,
1|anon|smich-stare-francie-soubor-stredovekych-fabliaux,,"Smích staré Francie. Soubor středověkých fabliaux",podobdobi,
1|sofokles|kral-oidipus,SOFOKLES,"Král Oidipus",narodni,
1|sofokles|kral-oidipus,SOFOKLES,"Král Oidipus",forma,
1|sofokles|kral-oidipus,SOFOKLES,"Král Oidipus",podobdobi,
1|sofokles|antigona,SOFOKLES,Antigona,narodni,
1|sofokles|antigona,SOFOKLES,Antigona,forma,
1|sofokles|antigona,SOFOKLES,Antigona,podobdobi,
1|sofokles|elektra,SOFOKLES,Elektra,narodni,
1|sofokles|elektra,SOFOKLES,Elektra,forma,
1|sofokles|elektra,SOFOKLES,Elektra,podobdobi,
1|anon|stary-zakon,,"Starý zákon",narodni,
1|anon|stary-zakon,,"Starý zákon",forma,
1|anon|stary-zakon,,"Starý zákon",podobdobi,
1|sterne-laurence|zivot-a-nazory-blahorodeho-pana-tristrama-shandyho,"STERNE, Laurence","Život a názory blahorodého pana Tristrama Shandyho",narodni,
1|sterne-laurence|zivot-a-nazory-blahorodeho-pana-tristrama-shandyho,"STERNE, Laurence","Život a názory blahorodého pana Tristrama Shandyho",forma,
1|sterne-laurence|zivot-a-nazory-blahorodeho-pana-tristrama-shandyho,"STERNE, Laurence","Život a názory blahorodého pana Tristrama Shandyho",podobdobi,
1|swift-jonathan|gulliverovy-cesty,"SWIFT, Jonathan","Gulliverovy cesty",narodni,
1|swift-jonathan|gulliverovy-cesty,"SWIFT, Jonathan","Gulliverovy cesty",forma,
1|swift-jonathan|gulliverovy-cesty,"SWIFT, Jonathan","Gulliverovy cesty",podobdobi,
1|vaclav-vratislav-z-mitrovic|prihody-vaclava-vratislava-z-mitrovic-vergilius-aeneis,"VÁCLAV VRATISLAV Z MITROVIC","Příhody Václava Vratislava z Mitrovic VERGILIUS: Aeneis",narodni,
1|vaclav-vratislav-z-mitrovic|prihody-vaclava-vratislava-z-mitrovic-vergilius-aeneis,"VÁCLAV VRATISLAV Z MITROVIC","Příhody Václava Vratislava z Mitrovic VERGILIUS: Aeneis",podobdobi,
1|villon-francois|basne,"VILLON, Francois",Básně,narodni,
1|villon-francois|basne,"VILLON, Francois",Básně,forma,
1|villon-francois|basne,"VILLON, Francois",Básně,podobdobi,
1|anon|vita-caroli,,"Vita Caroli",narodni,
1|anon|vita-caroli,,"Vita Caroli",forma,
1|anon|vita-caroli,,"Vita Caroli",podobdobi,
1|voltaire|candide,VOLTAIRE,Candide,narodni,
1|voltaire|candide,VOLTAIRE,Candide,forma,
1|voltaire|candide,VOLTAIRE,Candide,podobdobi,
1|de-voragine-jacobus|legenda-aurea,"de VORAGINE, Jacobus","Legenda aurea",narodni,
1|de-voragine-jacobus|legenda-aurea,"de VORAGINE, Jacobus","Legenda aurea",forma,
1|de-voragine-jacobus|legenda-aurea,"de VORAGINE, Jacobus","Legenda aurea",podobdobi,
2|austenova-jane|pycha-a-predsudek,"AUSTENOVÁ, Jane","Pýcha a předsudek",forma,
2|balzac-honore-de|otec-goriot,"BALZAC, Honoré de","Otec Goriot",forma,
2|baudelaire-charles|kvety-zla,"BAUDELAIRE, Charles","Květy zla",forma,
2|bronteova-emily|na-vetrne-hurce,"BRONTËOVÁ, Emily","Na Větrné hůrce",forma,
2|coleridge-samuel|pisen-o-starem-namornikovi,"COLERIDGE, Samuel","Píseň o starém námořníkovi",forma,
2|cechov-anton-pavlovic|visnovy-sad,"ČECHOV, Anton Pavlovič","Višňový sad",forma,
2|cechov-anton-pavlovic|racek,"ČECHOV, Anton Pavlovič",Racek,forma,
2|cechov-anton-pavlovic|tri-sestry,"ČECHOV, Anton Pavlovič","Tři sestry",forma,
2|dickens-charles|nadejne-vyhlidky,"DICKENS, Charles","Nadějné vyhlídky",forma,
2|dickens-charles|david-copperfield-dickinsonova-emily-a-basnikem-byt-nechci,"DICKENS, Charles","David Copperfield DICKINSONOVÁ, Emily: A básníkem být nechci",forma,
2|dostojevskij-fjodor-m|zlocin-a-trest,"DOSTOJEVSKIJ, Fjodor M.","Zločin a trest",forma,
2|dostojevskij-fjodor-m|bratri-karamazovi,"DOSTOJEVSKIJ, Fjodor M.","Bratři Karamazovi",forma,
2|dostojevskij-fjodor-m|idiot,"DOSTOJEVSKIJ, Fjodor M.",Idiot,forma,
2|dostojevskij-fjodor-m|besi,"DOSTOJEVSKIJ, Fjodor M.",Běsi,forma,
2|flaubert-gustave|pani-bovaryova,"FLAUBERT, Gustave","Paní Bovaryová",forma,
2|goethe-johann-wolfgang|utrpeni-mladeho-werthera,"GOETHE, Johann Wolfgang","Utrpení mladého Werthera",forma,
2|gogol-nikolaj-vasiljevic|revizor,"GOGOL, Nikolaj Vasiljevič",Revizor,forma,
2|hawthorne-nathaniel|sarlatove-pismeno,"HAWTHORNE, Nathaniel","Šarlatové písmeno",forma,
2|hoffmann-e-t-a|dabluv-elixir,"HOFFMANN, E. T. A.","Ďáblův elixír",forma,
2|hugo-victor|chram-matky-bozi-v-parizi,"HUGO, Victor","Chrám Matky Boží v Paříži",forma,
2|hugo-victor|bidnici,"HUGO, Victor",Bídníci,forma,
2|huysmans-joris-karl|naruby,"HUYSMANS, Joris Karl",Naruby,forma,
2|ibsen-henrik|nora,"IBSEN, Henrik",Nora,forma,
2|ibsen-henrik|divoka-kachna,"IBSEN, Henrik","Divoká kachna",forma,
2|lermontov-michail-jurjevic|hrdina-nasi-doby,"LERMONTOV, Michail Jurjevič","Hrdina naší doby",forma,
2|lermontov-michail-jurjevic|demon,"LERMONTOV, Michail Jurjevič",Démon,forma,
2|maupassant-guy-de|milacek,"MAUPASSANT, Guy de",Miláček,forma,
2|maupassant-guy-de|dabel-a-jine-povidky,"MAUPASSANT, Guy de","Ďábel a jiné povídky",forma,
2|melville-herman|bila-velryba,"MELVILLE, Herman","Bílá velryba",forma,
2|nietzsche-friedrich|tak-pravil-zarathustra,"NIETZSCHE, Friedrich","Tak pravil Zarathustra",forma,
2|puskin-alexandr-sergejevic|medeny-jezdec,"PUŠKIN, Alexandr Sergejevič","Měděný jezdec",forma,
2|rimbaud-arthur|sezona-v-pekle-iluminace-dopisy-vidouciho,"RIMBAUD, Arthur","Sezóna v pekle + Iluminace + Dopisy vidoucího",forma,
2|shelley-percy-bysshe|odpoutany-prometheus,"SHELLEY, Percy Bysshe","Odpoutaný Prométheus",forma,
2|shelleyova-mary|frankenstein,"SHELLEYOVÁ, Mary",Frankenstein,forma,
2|stendhal|cerveny-a-cerny,STENDHAL,"Červený a černý",forma,
2|stoker-bram|dracula,"STOKER, Bram",Dracula,forma,
2|tolstoj-lev-nikolajevic|anna-karenina,"TOLSTOJ, Lev Nikolajevič","Anna Karenina",forma,
2|verlaine-paul|slova-na-strunach,"VERLAINE, Paul","Slova na strunách",forma,
2|whitman-walt|stebla-travy,"WHITMAN, Walt","Stébla trávy",forma,
2|wilde-oscar|obraz-doriana-graye,"WILDE, Oscar","Obraz Doriana Graye",forma,
2|zola-emile|zabijak,"ZOLA, Émile",Zabiják,forma,
3|arbes-jakub|romaneta,"ARBES, Jakub",Romaneta,forma,
3|capek-chod-karel-matej|kaspar-len-mstitel,"ČAPEK CHOD, Karel Matěj","Kašpar Lén mstitel",forma,
3|havlicek-borovsky-karel|velke-satiry,"HAVLÍČEK BOROVSKÝ, Karel","Velké satiry",forma,
3|hlavacek-karel|hral-kdosi-na-hoboj-ed-bohumil-svozil-1979-jirasek-alois-temno,"HLAVÁČEK, Karel","Hrál kdosi na hoboj (ed. Bohumil Svozil, 1979) JIRÁSEK, Alois: Temno",forma,
3|karasek-ze-lvovic-jiri|goticka-duse,"KARÁSEK ZE LVOVIC, Jiří","Gotická duše",forma,
3|klostermann-karel|vanice-povidkovy-soubor-snklhu-1955-kollar-jan-slavy-dcera,"KLOSTERMANN, Karel","Vánice (povídkový soubor, SNKLHU 1955) KOLLÁR, Ján: Slávy dcera",forma,
3|macha-karel-hynek|maj,"MÁCHA, Karel Hynek",Máj,forma,
3|macha-karel-hynek|pout-krkonosska-vecer-na-bezdezu,"MÁCHA, Karel Hynek","Pouť krkonošská + Večer na Bezdězu",forma,
3|mrstikove-alois-a-vilem|marysa,"MRŠTÍKOVÉ, Alois a Vilém",Maryša,forma,
3|nemcova-bozena|babicka,"NĚMCOVÁ, Božena",Babička,forma,
3|rais-karel-vaclav|kalibuv-zlocin,"RAIS, Karel Václav","Kalibův zločin",forma,
3|anon|rukopisy-kralovedvorsky-a-zelenohorsky,,"Rukopisy královédvorský a zelenohorský",forma,
3|winter-zikmund|mistr-kampanus,"WINTER, Zikmund","Mistr Kampanus",forma,
3|zeyer-julius|tri-legendy-o-krucifixu,"ZEYER, Julius","Tři legendy o krucifixu",forma,
4|albee-edward|kdo-se-boji-virginie-woolfove,"ALBEE, Edward","Kdo se bojí Virginie Woolfové",narodni,
4|beckett-samuel|cekani-na-godota,"BECKETT, Samuel","Čekání na Godota",narodni,
4|bernhard-thomas|namesti-hrdinu,"BERNHARD, Thomas","Náměstí hrdinů",narodni,
4|capek-karel|r-u-r,"ČAPEK, Karel",R.U.R.,narodni,
4|durrenmatt-friedrich|navsteva-stare-damy-havel-vaclav-zahradni-slavnost,"DÜRRENMATT, Friedrich","Návštěva staré dámy HAVEL, Václav: Zahradní slavnost",narodni,
4|durrenmatt-friedrich|ztizena-moznost-soustredeni,"DÜRRENMATT, Friedrich","Ztížená možnost soustředění",narodni,
4|durrenmatt-friedrich|tzv-vankovky,"DÜRRENMATT, Friedrich","tzv. vaňkovky",narodni,
4|durrenmatt-friedrich|odchazeni-pokouseni,"DÜRRENMATT, Friedrich","Odcházení, Pokoušení",narodni,
4|ionesco-eugene|zidle,"IONESCO, Eugène",Židle,narodni,
4|ionesco-eugene|plesata-zpevacka,"IONESCO, Eugène","Plešatá zpěvačka",narodni,
4|jarry-alfred|ubu-kralem,"JARRY, Alfred","Ubu králem",narodni,
4|langer-frantisek|periferie,"LANGER, František",Periferie,narodni,
4|o-neill-eugene|cesta-dlouhym-dnem-do-noci,"O'NEILL, Eugene","Cesta dlouhým dnem do noci",narodni,
4|pirandello-luigi|sest-postav-hleda-autora,"PIRANDELLO, Luigi","Šest postav hledá autora",narodni,
4|sartre-jean-paul|mouchy,"SARTRE, Jean-Paul",Mouchy,narodni,
4|sartre-jean-paul|s-vyloucenim-verejnosti,"SARTRE, Jean-Paul","S vyloučením veřejnosti",narodni,
4|strindberg-august|slecna-julie,"STRINDBERG, August","Slečna Julie",narodni,
4|topol-josef|konec-masopustu,"TOPOL, Josef","Konec masopustu",narodni,
4|williams-tennessee|tramvaj-do-stanice-touha,"WILLIAMS, Tennessee","Tramvaj do stanice Touha",narodni,
4|zelenka-petr|pribehy-obycejneho-silenstvi,"ZELENKA, Petr","Příběhy obyčejného šílenství",narodni,
5|apollinaire-guillaume|alkoholy,"APOLLINAIRE, Guillaume",Alkoholy,narodni,
5|antosova-svatava|diktator-pise-basen,"ANTOŠOVÁ, Svatava","Diktátor píše báseň",narodni,
5|bezruc-petr|slezske-pisne,"BEZRUČ, Petr","Slezské písně",narodni,
5|biebl-konstantin|s-lodi-jez-dovazi-caj-a-kavu,"BIEBL, Konstantin","S lodí, jež dováží čaj a kávu",narodni,
5|blatny-ivan|melancholicke-prochazky,"BLATNÝ, Ivan","Melancholické procházky",narodni,
5|borkovec-petr|polni-prace,"BORKOVEC, Petr","Polní práce",narodni,
5|borkovec-petr|herbar-k-cemusi-horsimu,"BORKOVEC, Petr","Herbář k čemusi horšímu",narodni,
5|celan-paul|snezny-part,"CELAN, Paul","Sněžný part",narodni,
5|cvetajeva-marina|pogrom-zivota,"CVETAJEVA, Marina","Pogrom života",narodni,
5|anon|drzice-v-drzych-drzkach-cigarety-mala-antologie-poezie-nemeckeho-expresionismu,,"Držíce v drzých držkách cigarety. Malá antologie poezie německého expresionismu",narodni,
5|dezinsky-milan|slovnik-noci,"DĚŽINSKÝ, Milan","Slovník noci",narodni,
5|dolezal-milos|jana-bude-brzy-sbirat-lipovy-kvet,"DOLEŽAL, Miloš","Jana bude brzy sbírat lipový květ",narodni,
5|eliot-thomas-stearns|pusta-zeme,"ELIOT, Thomas Stearns","Pustá země",narodni,
5|fischerova-sylva|svetovy-orloj,"FISCHEROVÁ, Sylva","Světový orloj",narodni,
5|gellner-frantisek|po-nas-at-prijde-potopa,"GELLNER, František","Po nás ať přijde potopa!",narodni,
5|ginsberg-allen|kvileni-a-jine-basne,"GINSBERG, Allen","Kvílení a jiné básně",narodni,
5|grogrova-bohumila|rukopis,"GRÖGROVÁ, Bohumila",Rukopis,narodni,
5|halas-frantisek|kohout-plasi-smrt,"HALAS, František","Kohout plaší smrt",narodni,
5|hejda-zbynek|valse-melancolique,"HEJDA, Zbyněk","Valse melancolique",narodni,
5|holan-vladimir|bolest,"HOLAN, Vladimír",Bolest,narodni,
5|holan-vladimir|noc-s-hamletem,"HOLAN, Vladimír","Noc s Hamletem",narodni,
5|hrabe-vaclav|blues-pro-blaznivou-holku,"HRABĚ, Václav","Blues pro bláznivou holku",narodni,
5|hruska-petr|darmata,"HRUŠKA, Petr",Darmata,narodni,
5|hruska-petr|spatril-jsem-svou-tvar,"HRUŠKA, Petr","Spatřil jsem svou tvář",narodni,
5|jirous-ivan-martin|magorovy-labuti-pisne,"JIROUS, Ivan Martin","Magorovy labutí písně",narodni,
5|jirous-ivan-martin|okuje,"JIROUS, Ivan Martin",Okuje,narodni,
5|kainar-josef|nove-myty,"KAINAR, Josef","Nové mýty",narodni,
5|kolar-jiri|prometheova-jatra,"KOLÁŘ, Jiří","Prométheova játra",narodni,
5|kolmacka-pavel|more,"KOLMAČKA, Pavel",Moře,narodni,
5|krchovsky-jiri|basne,"KRCHOVSKÝ, Jiří",Básně,narodni,
5|morgenstern-christian|sibenicni-pisne,"MORGENSTERN, Christian","Šibeniční písně",narodni,
5|nezval-vitezslav|basne-noci,"NEZVAL, Vítězslav","Básně noci",narodni,
5|nezval-vitezslav|zena-v-mnoznem-cisle,"NEZVAL, Vítězslav","Žena v množném čísle",narodni,
5|novotny-pavel|dedek,"NOVOTNÝ, Pavel",Dědek,narodni,
5|orten-jiri|knihy-versu,"ORTEN, Jiří","Knihy veršů",narodni,
5|anon|podivuhodni-kouzelnici-citanka-ceskeho-stalinismu-v-reci-vazane-z-let-1945-55,,"Podivuhodní kouzelníci. Čítanka českého stalinismu v řeči vázané z let 1945–55",narodni,
5|reynek-bohuslav|rty-a-zuby,"REYNEK, Bohuslav","Rty a zuby",narodni,
5|seifert-jaroslav|na-vlnach-tsf,"SEIFERT, Jaroslav","Na vlnách TSF",narodni,
5|seifert-jaroslav|morovy-sloup,"SEIFERT, Jaroslav","Morový sloup",narodni,
5|skacel-jan|co-zbylo-z-andela,"SKÁCEL, Jan","Co zbylo z anděla",narodni,
5|skacel-jan|kdo-pije-potme-vino,"SKÁCEL, Jan","Kdo pije potmě víno",narodni,
5|stancakova-alzbeta|cacak,"STANČÁKOVÁ, Alžběta",Čačak,narodni,
5|siktanc-karel|tanec-smrti,"ŠIKTANC, Karel","Tanec smrti",narodni,
5|topol-jachym|miluju-te-k-zblazneni,"TOPOL, Jáchym","Miluju tě k zbláznění",narodni,
5|wernisch-ivan|zimohradek,"WERNISCH, Ivan",Zimohrádek,narodni,
5|wernisch-ivan|zapadlo-slunce-za-dnem,"WERNISCH, Ivan","Zapadlo slunce za dnem",narodni,
5|wolker-jiri|tezka-hodina,"WOLKER, Jiří","Těžká hodina",narodni,
5|zahradnicek-jan|jeraby,"ZAHRADNÍČEK, Jan",Jeřáby,narodni,
5|zahradnicek-jan|znameni-moci,"ZAHRADNÍČEK, Jan","Znamení moci",narodni,
